City,Country,Lat,Lng,Date,Max Temp,Humidity,Cloudiness,Wind Speed
Verkhnyaya Maksakovka,RU,61.63,50.97,1569430942,35.6,100,75,4.47
Zhuhai,CN,40.71,112.04,1569430943,51.8,66,0,8.95
Mar del Plata,AR,-46.43,-67.52,1569430697,67.43,33,70,25.3
Ayagoz,KZ,47.96,80.43,1569430946,55.73,34,79,4.05
Muroto,JP,33.37,134.14,1569430947,64.37,75,1,6.15
Punta Arenas,CL,-53.16,-70.91,1569430948,44.6,47,20,31.09
Taiobeiras,BR,-15.81,-42.23,1569430949,89.39,20,0,8.66
Carnarvon,ZA,-30.97,22.13,1569430951,59.87,5,0,10.42
Sitka,US,37.17,-99.65,1569430952,80.01,69,3,8.99
Ponta do Sol,BR,-20.63,-46.0,1569430954,74.27,56,81,5.84
Busselton,AU,-33.64,115.35,1569430955,57.0,61,97,10.63
Ilheus,BR,-14.79,-39.05,1569430814,77.0,83,40,11.41
Yakeshi,CN,49.28,120.73,1569430958,49.61,72,0,2.84
Coolum Beach,AU,-26.53,153.09,1569430959,63.0,96,44,0.56
Weyburn,CA,49.67,-103.85,1569430773,54.0,61,38,18.01
Luderitz,NA,-26.65,15.16,1569430962,77.0,36,0,4.7
Hobart,AU,-42.88,147.33,1569430718,50.0,66,72,12.75
Avarua,CK,-21.21,-159.78,1569430965,71.6,94,87,6.93
Buta,CD,2.79,24.73,1569430966,73.37,94,100,1.07
Rikitea,PF,-23.12,-134.97,1569430967,71.39,68,16,8.23
Ushuaia,AR,-54.81,-68.31,1569430862,46.4,70,75,32.21
Aklavik,CA,68.22,-135.01,1569430969,37.4,67,40,1.16
Souillac,FR,45.6,-0.6,1569430972,64.99,93,90,16.11
Fortuna,US,40.6,-124.16,1569430974,70.0,82,1,27.94
Tres Arroyos,AR,-38.38,-60.28,1569430888,75.35,36,0,5.03
Saint-Paul,FR,45.22,1.9,1569430976,60.01,93,90,5.82
Ust-Koksa,RU,50.27,85.62,1569430977,35.57,62,1,6.62
Cape Town,ZA,-33.93,18.42,1569430741,72.0,53,0,9.17
Longyearbyen,NO,78.22,15.63,1569430979,37.4,93,75,4.7
Albany,US,42.65,-73.75,1569430735,73.0,72,1,11.41
Hofn,IS,64.25,-15.21,1569430981,53.6,93,90,6.93
Severo-Kurilsk,RU,50.68,156.12,1569430984,48.71,86,94,25.3
Torbay,CA,47.66,-52.73,1569430985,51.01,93,90,16.11
Sola,TZ,-3.17,33.8,1569430986,78.59,46,100,8.3
Norman Wells,CA,65.28,-126.83,1569430987,37.4,66,40,9.17
Dingle,PH,11.0,122.67,1569430988,74.99,84,43,3.98
Minab,IR,27.15,57.07,1569430989,89.6,62,0,4.7
Atuona,PF,-9.8,-139.03,1569430990,79.85,79,76,20.94
Guerrero Negro,MX,27.97,-114.04,1569430992,67.79,83,31,2.39
Sindor,RU,62.87,51.9,1569430993,35.57,89,100,9.04
Bambous Virieux,MU,-20.34,57.76,1569430994,71.6,94,75,7.58
Airai,TL,-8.93,125.41,1569430995,69.77,78,0,3.44
Nalut,LY,31.86,10.98,1569430997,88.31,24,2,5.26
Kahului,US,20.89,-156.47,1569430842,75.2,78,1,5.82
Ciudad Bolivar,VE,8.12,-63.55,1569430999,89.75,56,57,5.3
Martapura,ID,-3.41,114.85,1569431001,76.43,87,0,6.89
Ternate,PH,14.29,120.72,1569431002,82.4,69,20,4.7
Iqaluit,CA,63.75,-68.52,1569431003,41.0,80,75,16.11
Merauke,ID,-8.49,140.4,1569431004,78.23,82,47,20.11
Ancud,CL,-41.87,-73.83,1569431005,59.0,77,20,18.34
Puerto Escondido,MX,15.86,-97.07,1569431006,87.8,62,40,7.85
Mataura,NZ,-46.19,168.86,1569431007,41.0,89,97,15.01
Port-Cartier,CA,50.03,-66.88,1569431008,50.0,76,90,11.41
Storforshei,NO,66.4,14.52,1569431010,44.6,75,0,3.36
Saint-Philippe,CA,45.36,-73.48,1569431011,66.2,63,75,3.36
Castro,CL,-42.48,-73.76,1569431012,59.0,77,20,18.34
Kapaa,US,22.08,-159.32,1569431013,80.6,78,75,10.29
Chifeng,CN,42.27,118.96,1569431014,59.69,29,57,5.79
Chokurdakh,RU,70.62,147.9,1569431015,23.15,86,0,5.26
Kautokeino,NO,69.01,23.04,1569431016,40.43,87,100,6.78
Necochea,AR,-38.55,-58.74,1569431018,61.0,64,0,3.0
Qaanaaq,GL,77.48,-69.36,1569431019,20.81,79,100,8.1
Siaya,KE,0.06,34.29,1569431020,73.4,69,75,4.7
Bluff,AU,-23.58,149.07,1569431021,60.95,94,25,8.1
Tasiilaq,GL,65.61,-37.64,1569431022,44.6,87,75,4.7
Susangerd,IR,31.56,48.19,1569431023,87.8,27,0,2.24
Faya,SA,18.39,42.45,1569431024,80.6,16,20,9.17
Bethel,US,60.79,-161.76,1569430944,37.4,93,75,12.75
Kupang,ID,-10.16,123.6,1569431026,76.79,76,0,8.61
Nhulunbuy,AU,-12.18,136.78,1569431028,68.0,94,2,12.93
Te Anau,NZ,-45.41,167.72,1569431029,37.19,75,76,6.58
Hermanus,ZA,-34.42,19.24,1569431030,68.0,50,0,4.0
Port Alfred,ZA,-33.59,26.89,1569431031,61.0,72,0,5.99
Butaritari,KI,3.07,172.79,1569431032,83.63,77,0,18.5
Port-Gentil,GA,-0.72,8.78,1569431033,77.0,94,90,13.87
Rathdrum,IE,52.93,-6.23,1569431035,64.0,72,75,8.05
Kaitangata,NZ,-46.28,169.85,1569431036,37.01,90,90,17.43
Mahebourg,MU,-20.41,57.7,1569431037,71.6,94,75,7.58
Vaini,IN,15.34,74.49,1569431038,76.25,96,100,2.26
North Bend,US,43.41,-124.22,1569431039,64.0,82,1,8.05
Narsaq,GL,60.91,-46.05,1569431040,48.2,51,20,3.36
Kilis,TR,36.72,37.12,1569430802,73.4,31,0,2.24
Pisco,PE,-13.71,-76.2,1569431043,71.6,30,75,9.17
Port Hardy,CA,50.7,-127.42,1569431044,51.8,93,75,4.7
Yellowknife,CA,62.45,-114.38,1569431045,37.4,86,75,16.11
Colwyn Bay,GB,53.29,-3.71,1569431046,64.99,82,75,10.29
Alice Springs,AU,-23.7,133.88,1569431047,53.6,93,0,5.82
Bilibino,RU,68.06,166.44,1569431048,13.61,94,4,3.31
Port Macquarie,AU,-31.43,152.91,1569431049,57.99,100,72,4.7
Nikolskoye,RU,59.7,30.79,1569431051,42.01,93,90,4.47
Cayenne,GF,4.94,-52.33,1569431052,89.6,59,75,10.29
Sal Rei,CV,16.18,-22.92,1569431053,84.2,65,75,11.41
San Vicente,EC,-0.59,-80.41,1569431054,78.8,74,90,8.05
Rawson,AR,-43.3,-65.11,1569431055,73.91,24,17,24.14
Grindavik,IS,63.84,-22.43,1569431056,60.8,87,75,16.11
Sao Joao da Barra,BR,-21.64,-41.05,1569431058,71.6,78,90,11.41
Lebu,ET,8.96,38.73,1569431060,57.89,88,100,2.66
Hilo,US,19.71,-155.08,1569431061,73.4,60,1,6.93
Hambantota,LK,6.12,81.12,1569431062,78.41,86,100,17.6
Kodiak,US,39.95,-94.76,1569431063,80.01,57,1,6.93
Lingyuan,CN,41.24,119.4,1569431064,61.13,35,0,5.88
Mayo,CA,63.59,-135.9,1569431065,39.2,93,90,4.7
Ahipara,NZ,-35.17,173.16,1569431067,46.99,100,84,31.97
Talaya,RU,55.79,84.89,1569431068,39.0,80,0,6.71
Bredasdorp,ZA,-34.53,20.04,1569431070,68.0,52,0,16.11
Saravan,AM,39.72,45.65,1569431071,75.2,20,0,9.17
Inhambane,MZ,-23.87,35.38,1569431072,61.13,68,46,14.36
Ngunguru,NZ,-35.62,174.5,1569431073,48.0,81,34,7.0
Praia,BR,-20.25,-43.81,1569431074,66.2,63,75,14.99
Mogadishu,SO,2.04,45.34,1569431076,78.23,86,15,18.88
Arraial do Cabo,BR,-22.97,-42.02,1569431077,71.6,83,75,19.46
Cheyenne,US,41.14,-104.82,1569431078,68.0,45,1,11.41
Sumenep,ID,-7.02,113.87,1569431079,72.65,92,0,4.85
Hithadhoo,MV,-0.6,73.08,1569431080,82.37,75,100,16.55
Puerto Carreno,CO,6.19,-67.49,1569431081,84.2,79,75,3.36
Fez,MA,34.03,-5.02,1569431083,91.4,16,20,9.17
Timra,SE,62.49,17.33,1569431084,51.01,81,75,2.24
Comodoro Rivadavia,AR,-45.87,-67.48,1569431085,73.4,31,40,19.46
Piranshahr,IR,36.7,45.14,1569431087,50.87,30,0,6.8
Petrinja,HR,45.44,16.28,1569431088,64.0,88,100,3.36
Kavieng,PG,-2.57,150.8,1569431089,82.91,75,66,8.77
Bridlington,GB,54.08,-0.19,1569431091,62.6,88,75,1.12
Faanui,PF,-16.48,-151.75,1569431092,79.31,75,60,14.9
Glasgow,GB,55.86,-4.24,1569431093,61.0,87,97,9.17
Mokrousovo,RU,55.81,66.77,1569431094,34.49,84,0,10.47
Krasnokamensk,RU,50.1,118.04,1569431095,52.49,63,0,2.13
Cabo San Lucas,MX,22.89,-109.91,1569430865,87.01,65,5,6.93
Barrow,AR,-38.31,-60.23,1569431097,75.35,36,0,5.03
Inuvik,CA,68.36,-133.71,1569431098,37.4,86,75,4.7
Upernavik,GL,72.79,-56.15,1569431100,35.03,81,97,8.34
Nisia Floresta,BR,-6.09,-35.21,1569431101,86.0,54,40,18.34
Saraipali,IN,21.32,83.0,1569431102,72.29,98,100,4.99
Taltal,CL,-25.41,-70.49,1569431104,55.91,67,9,7.14
Pochutla,MX,15.74,-96.47,1569431105,87.8,70,40,4.09
Ocos,GT,14.51,-92.19,1569431106,87.8,79,40,6.93
Buala,SB,-8.15,159.59,1569431107,80.03,78,86,5.32
Puerto Ayora,EC,-0.74,-90.35,1569431109,77.0,65,40,8.05
Arucas,ES,28.12,-15.52,1569431110,78.8,61,20,28.86
Kommunisticheskiy,RU,61.68,64.48,1569431111,35.03,82,100,10.04
Talnakh,RU,69.49,88.39,1569431112,35.6,93,75,15.66
Oranjemund,ZA,-28.55,16.43,1569431113,66.89,48,0,22.17
New Norfolk,AU,-42.78,147.06,1569431114,50.0,66,72,12.75
Westport,US,41.14,-73.36,1569431005,75.99,40,1,6.93
Alofi,NU,-19.06,-169.92,1569431118,66.2,93,98,4.7
Edgewater,US,28.99,-80.9,1569431119,91.0,48,1,6.93
Xinzhou,CN,38.41,112.73,1569431120,57.35,43,15,1.63
Kaeo,NZ,-35.1,173.78,1569431121,48.0,81,24,7.0
Umba,RU,66.69,34.34,1569431122,38.99,89,99,4.12
Ust-Nera,RU,64.57,143.24,1569431124,19.37,79,0,3.89
Floriano,BR,-6.77,-43.02,1569431126,100.55,16,32,6.82
Chipoka,MW,-13.99,34.52,1569431127,74.99,57,27,21.34
Victor Harbor,AU,-35.55,138.62,1569431128,54.0,58,0,9.17
Clarence Town,AU,-32.59,151.78,1569431130,61.0,93,40,1.12
Esperance,AU,-33.86,121.89,1569431131,50.0,100,75,3.36
Provideniya,RU,64.42,-173.23,1569431132,31.25,84,3,4.63
Mizdah,LY,31.45,12.98,1569431134,87.05,23,0,10.63
Leiyang,CN,26.42,112.85,1569431135,68.87,54,97,2.68
Fukue,JP,35.03,136.69,1569431136,71.6,78,20,8.05
Rocha,UY,-34.48,-54.34,1569431137,73.01,52,20,5.12
Kasama,ZM,-10.21,31.19,1569431138,70.31,31,65,6.04
Macusani,PE,-14.07,-70.43,1569431139,46.19,55,4,11.9
Kosh-Agach,RU,49.99,88.66,1569431140,38.09,73,0,1.9
Pacific Grove,US,36.62,-121.92,1569431141,84.0,43,1,5.06
Roebourne,AU,-20.77,117.15,1569431143,66.71,43,58,9.73
Qasigiannguit,GL,68.82,-51.19,1569431144,39.2,80,75,2.24
Pevek,RU,69.7,170.27,1569431145,33.59,84,98,12.88
Komsomolskiy,RU,67.55,63.78,1569431146,31.97,98,100,8.14
Auki,NG,12.18,6.51,1569431147,84.53,47,33,4.05
Jamestown,AU,-33.21,138.6,1569431099,47.63,68,4,6.49
Muisne,EC,0.61,-80.02,1569431149,84.2,74,75,8.05
Kizema,RU,61.11,44.83,1569431150,31.25,96,76,6.04
Palauig,PH,15.44,119.9,1569431151,82.91,77,98,6.69
Manado,ID,1.49,124.85,1569431153,73.4,88,20,6.42
Port Elizabeth,US,39.31,-74.98,1569431154,80.01,38,1,6.93
Lanzhou,CN,36.06,103.82,1569431155,48.2,87,0,2.24
Trofors,NO,65.54,13.39,1569431156,53.6,70,0,4.7
Turukhansk,RU,65.8,87.96,1569431158,34.85,87,99,11.65
Markova,RU,52.21,104.21,1569431159,53.6,81,0,6.71
Dikson,RU,73.51,80.55,1569431160,35.93,90,90,9.75
Amnat Charoen,TH,15.86,104.63,1569431162,73.91,78,0,14.81
Kathmandu,NP,27.71,85.32,1569431163,68.0,94,75,4.7
Seddon,AU,-37.81,144.89,1569431164,48.99,93,90,5.82
Aripuana,BR,-9.17,-60.63,1569431165,93.17,42,54,0.94
Soller,DE,50.73,6.56,1569431167,64.4,77,75,5.82
Laurel,US,39.1,-76.85,1569430877,81.0,31,1,9.17
Srednekolymsk,RU,67.46,153.71,1569431169,23.69,94,18,11.95
Del Rio,US,29.36,-100.9,1569431171,86.0,62,40,10.29
Palafrugell,ES,41.92,3.16,1569431172,73.0,60,75,5.82
Borovoy,RU,63.23,52.89,1569431174,33.05,93,99,9.75
Mae Hong Son,MM,19.3,97.96,1569431175,67.07,97,96,1.23
Sioux Lookout,CA,50.1,-91.92,1569431178,55.4,76,75,9.17
Osinki,PL,54.14,22.99,1569431179,46.73,78,96,8.81
Geraldton,CA,49.72,-86.95,1569431181,53.6,87,90,4.7
Huron,US,44.36,-98.21,1569431182,62.6,55,1,13.87
Antofagasta,CL,-23.65,-70.4,1569431183,59.0,77,75,11.41
Tiksi,RU,71.64,128.87,1569431184,33.95,91,48,11.74
Nabire,ID,-3.36,135.5,1569431185,70.31,99,99,2.21
Cueto,CU,20.65,-75.94,1569431187,87.8,66,75,3.36
Mitsamiouli,KM,-11.38,43.28,1569431188,78.77,79,1,22.93
Deputatskiy,RU,69.3,139.9,1569431190,15.77,96,47,3.04
Paciran,ID,-6.9,112.33,1569431191,71.57,92,0,2.68
Chuy,UY,-33.69,-53.46,1569431192,64.19,58,47,6.13
Meulaboh,ID,4.14,96.13,1569431193,80.75,79,100,4.94
Manjacaze,MZ,-24.71,33.88,1569431194,61.31,64,7,14.03
Tuktoyaktuk,CA,69.44,-133.03,1569431196,35.6,93,75,3.36
Ulaanbaatar,MN,47.92,106.92,1569431197,42.8,54,0,2.24
Killybegs,IE,54.63,-8.45,1569431198,60.8,82,90,12.75
Baghdad,IQ,33.3,44.38,1569430929,91.4,24,0,3.36
Port Augusta,AU,-32.49,137.76,1569431202,48.2,93,0,0.83
Najran,SA,17.54,44.22,1569431203,89.6,17,5,9.17
Hay River,CA,60.82,-115.79,1569431204,42.8,75,75,19.46
Kenai,US,60.55,-151.26,1569431206,48.0,87,90,14.99
Celestun,MX,20.87,-90.4,1569431208,83.81,78,89,6.44
Conceicao do Mato Dentro,BR,-19.04,-43.42,1569431209,80.03,38,65,8.32
Aswan,EG,24.09,32.9,1569431165,96.8,11,0,10.29
Kuvshinovo,RU,57.03,34.18,1569431211,35.93,96,96,2.08
Cockburn Town,TC,21.46,-71.14,1569431212,84.35,67,99,5.86
Flagstaff,US,35.2,-111.65,1569430941,72.0,55,1,3.36
Grand Island,US,40.92,-98.34,1569431204,73.99,35,1,10.29
Abong Mbang,CM,3.98,13.18,1569431215,69.95,95,100,1.92
Naze,NG,5.43,7.07,1569431217,75.35,92,95,6.22
Bowen,AU,-20.01,148.25,1569431219,62.6,93,40,6.93
Mercedes,UY,-33.25,-58.03,1569431220,78.01,36,0,5.01
Cherskiy,RU,68.75,161.3,1569431221,24.59,80,0,4.5
Camacha,PT,33.08,-16.33,1569431222,73.4,73,40,14.99
Dalvik,SE,57.79,14.13,1569431223,54.0,81,90,9.17
Tura,RU,64.27,100.22,1569431224,30.53,87,75,6.44
Khatanga,RU,71.98,102.47,1569431225,30.71,87,86,12.64
Kinablangan,PH,7.69,126.55,1569431226,72.11,78,12,4.0
Dehloran,IR,32.69,47.27,1569431228,75.71,18,0,6.17
Brumadinho,BR,-20.14,-44.2,1569430983,66.2,63,75,12.75
Nome,US,30.04,-94.42,1569431230,88.0,52,1,4.7
Bitung,ID,1.44,125.19,1569431231,73.4,88,20,2.59
Coihaique,CL,-45.58,-72.07,1569431233,59.0,54,40,8.05
Lorengau,PG,-2.02,147.27,1569431234,79.31,81,16,6.67
Ponta Delgada,PT,37.73,-25.67,1569431235,71.6,73,75,14.99
Yulara,AU,-25.24,130.99,1569431236,59.0,58,23,4.7
Grand-Santi,GF,4.27,-54.38,1569431238,96.77,36,20,2.77
Saskylakh,RU,71.97,114.09,1569431239,31.43,89,0,8.63
Beyneu,KZ,45.32,55.19,1569431240,58.79,41,83,17.02
Ribeira Grande,PT,38.52,-28.7,1569431129,75.2,73,20,10.29
Kruisfontein,ZA,-34.0,24.73,1569431242,55.01,67,0,11.43
Turayf,SA,31.68,38.65,1569431243,89.6,19,0,6.93
Touros,BR,-5.2,-35.46,1569431026,84.2,54,40,18.34
Cidreira,BR,-30.17,-50.22,1569431245,73.01,52,16,6.15
Ust-Kuyga,RU,70.0,135.55,1569431247,25.85,79,18,3.53
Jian,IN,25.65,87.89,1569431248,73.91,96,100,8.95
Havre-Saint-Pierre,CA,50.23,-63.6,1569431249,44.6,93,90,16.11
Somerset,US,41.77,-71.13,1569431161,72.0,49,20,9.17
Issa,RU,53.87,44.84,1569431251,36.47,84,77,4.21
Buenos Aires,AR,-34.61,-58.44,1569431252,86.0,21,0,6.93
Puerto Baquerizo Moreno,EC,-0.9,-89.6,1569431253,71.6,83,90,16.11
Coquimbo,CL,-29.95,-71.34,1569431255,75.99,87,90,5.82
Huilong,CN,31.15,106.5,1569431257,66.17,79,0,0.74
Lompoc,US,34.64,-120.46,1569431258,75.2,72,1,6.93
Warri,NG,5.52,5.75,1569431260,79.67,82,100,8.75
Shubarkuduk,KZ,49.15,56.49,1569431261,44.75,40,0,5.44
Itoman,JP,26.12,127.67,1569431262,78.8,83,75,10.29
Muros,ES,42.77,-9.06,1569431149,66.99,82,75,8.05
Marystown,CA,47.17,-55.16,1569431241,53.93,94,100,18.05
Manggar,ID,-2.88,108.27,1569431265,74.99,90,82,3.96
Paso de los Toros,UY,-32.81,-56.52,1569431268,77.0,38,0,6.93
Cochrane,CL,-47.25,-72.57,1569431269,57.2,62,40,9.17
Salalah,OM,17.01,54.1,1569431270,82.4,83,75,10.29
Klaksvik,FO,62.23,-6.59,1569431271,51.8,100,90,32.21
Escanaba,US,45.75,-87.06,1569431272,69.01,88,75,9.17
Peci,BA,44.63,16.79,1569431273,68.0,77,20,2.24
Mount Gambier,AU,-37.83,140.78,1569431173,44.6,100,90,5.82
Whitley Bay,GB,55.04,-1.44,1569431275,63.0,100,40,3.36
Zeya,RU,53.74,127.27,1569431277,36.83,91,0,4.5
Thompson,CA,55.74,-97.86,1569431278,48.2,56,40,18.34
Lufilufi,WS,-13.87,-171.6,1569431279,80.57,81,70,11.43
Brazzaville,CD,-4.27,15.27,1569431280,78.8,74,20,4.7
Hervey Bay,AU,-25.3,152.85,1569431281,64.99,88,6,4.7
Bani,YE,16.02,42.93,1569431283,87.77,78,30,10.25
Ugoofaaru,MV,5.67,73.0,1569431284,80.03,83,100,13.04
Hope,US,33.67,-93.59,1569431286,87.01,61,1,11.41
Bud,NO,62.91,6.91,1569431287,55.4,81,0,5.82
Cobija,BR,-11.02,-68.77,1569431288,91.4,55,17,3.36
Newport,US,41.49,-71.31,1569431291,73.0,43,20,11.41
Polson,US,47.69,-114.16,1569431292,59.0,54,1,4.18
Ajaccio,FR,41.93,8.74,1569431293,78.8,64,90,8.05
Laredo,US,27.51,-99.51,1569431060,91.0,52,1,8.05
Sinnamary,GF,5.38,-52.96,1569431295,82.73,73,10,10.92
Augusto Correa,BR,-1.02,-46.63,1569431297,88.85,56,39,7.02
Mehamn,NO,71.03,27.85,1569431195,46.4,93,90,10.29
Champerico,MX,16.38,-93.6,1569431299,80.6,74,40,2.24
Luebo,CD,-5.35,21.42,1569431300,74.45,90,76,3.58
Victoria,BN,5.28,115.24,1569431301,86.0,79,75,4.7
Semirom,IR,31.41,51.57,1569431302,50.33,33,0,4.16
General Roca,AR,-39.03,-67.58,1569431303,77.0,29,0,6.93
Biak,ID,-0.91,122.88,1569431305,59.51,95,15,3.29
Shimoda,JP,34.7,138.93,1569431307,70.0,82,84,5.99
Balabac,PH,7.99,117.06,1569431309,81.11,82,86,7.9
Opuwo,NA,-18.06,13.84,1569431310,78.05,13,0,4.83
Maningrida,AU,-12.05,134.23,1569431311,66.53,92,3,6.02
Padang,ID,-0.92,100.36,1569431137,79.13,85,61,8.68
Okha,RU,53.59,142.95,1569431313,47.81,67,71,29.86
Wanning,AT,48.64,13.53,1569431314,60.01,87,85,5.82
Kangaatsiaq,GL,68.31,-53.46,1569431315,38.27,79,0,5.64
Asyut,EG,27.18,31.19,1569431317,89.6,24,0,13.87
Saint Austell,GB,50.34,-4.77,1569431318,62.01,93,75,16.11
Sorland,NO,67.67,12.69,1569431319,51.8,71,0,4.7
Georgetown,GY,6.8,-58.16,1569431238,91.4,66,40,11.41
Lavrentiya,RU,65.58,-170.99,1569431323,27.83,82,0,3.29
Uyemskiy,RU,64.47,40.85,1569431324,42.8,81,75,11.18
Konevo,BG,41.67,25.61,1569431325,67.25,67,35,7.4
Mecca,SA,21.43,39.83,1569431328,83.09,54,62,2.62
Canto do Buriti,BR,-8.11,-42.94,1569431329,97.67,17,25,8.05
Prince Rupert,CA,54.32,-130.32,1569431330,51.8,87,90,9.17
Fairbanks,US,64.84,-147.72,1569431258,34.0,86,90,8.05
Pudozh,RU,61.81,36.54,1569431333,34.13,80,99,3.67
Goundam,ML,16.42,-3.66,1569431334,103.97,11,6,5.44
Bogorodskoye,RU,52.37,140.44,1569431335,32.51,84,0,6.6
Jackson,US,43.48,-110.76,1569431195,59.0,62,1,7.78
Mnogovershinnyy,RU,53.94,139.92,1569431337,34.31,85,0,11.5
Ambatondrazaka,MG,-17.82,48.43,1569431339,62.03,93,57,4.18
Shaoguan,CN,24.81,113.59,1569431341,63.65,66,0,1.19
Blackwater,GB,51.33,-0.78,1569431342,66.99,77,62,14.99
Ouadda,CF,8.07,22.4,1569431343,69.41,95,100,3.38
El Alto,BO,-16.5,-68.19,1569431344,59.0,39,40,5.82
Mahibadhoo,MV,3.78,72.97,1569431095,80.21,79,100,13.38
Tambun,ID,-6.26,107.07,1569431348,82.99,74,40,8.05
Key West,US,47.93,-96.78,1569431302,59.0,67,1,14.99
Njombe,TZ,-9.34,34.77,1569431351,52.67,85,57,5.75
Saint George,GR,39.45,22.34,1569431352,73.4,69,20,10.29
Qingdao,CN,36.09,120.35,1569431353,64.4,88,0,2.24
Arezzo,IT,43.46,11.88,1569431354,73.4,60,22,8.05
Oyama,JP,36.31,139.8,1569431355,72.0,77,99,1.99
Pangoa,PE,-12.12,-73.0,1569431356,92.45,39,13,4.25
Amahai,ID,-3.31,129.0,1569431358,76.61,83,63,10.07
Riberalta,BO,-11.0,-66.08,1569431359,93.2,52,20,11.41
Kabo,CF,7.69,18.62,1569431141,75.53,78,100,0.67
Virginia Beach,US,36.85,-75.98,1569431312,82.99,34,1,4.7
Kolno,PL,53.41,21.93,1569431362,55.4,66,0,4.7
Blagoyevo,RU,63.37,47.92,1569431363,37.73,90,95,9.24
Kundiawa,PG,-6.02,144.97,1569431364,49.97,97,27,1.52
Iquique,CL,-20.22,-70.14,1569431365,62.6,63,20,10.29
Constitucion,MX,23.99,-104.67,1569431366,71.01,55,5,1.01
Piacabucu,BR,-10.41,-36.43,1569431368,78.59,71,34,11.5
Phu Ly,VN,20.54,105.91,1569431369,73.01,70,86,1.41
Leua,AO,-11.65,20.45,1569431370,71.93,37,51,1.52
Pangnirtung,CA,66.15,-65.72,1569431372,42.8,75,75,2.24
Shenjiamen,CN,29.96,122.3,1569431373,70.85,66,2,4.0
Ganzhou,CN,25.86,114.93,1569431374,64.19,53,0,4.14
Hargeysa,SO,9.56,44.06,1569431375,77.51,41,35,9.35
San Ramon,NI,12.92,-85.84,1569431235,75.2,83,40,4.54
Balkhash,KZ,46.84,74.98,1569431378,62.03,38,100,6.44
Mitu,IR,36.2,46.09,1569431380,62.21,25,0,9.53
Quelimane,MZ,-17.88,36.89,1569431381,75.2,73,75,16.11
Willowmore,ZA,-33.3,23.49,1569431382,57.35,18,0,5.91
Tiarei,PF,-17.53,-149.33,1569431383,77.0,69,20,3.36
Kabwe,ZM,-14.44,28.44,1569431384,73.01,33,0,10.67
Gesves,BE,50.4,5.08,1569431386,62.01,93,75,11.41
Talakan,RU,50.29,130.28,1569431388,37.55,80,0,2.68
Lasa,CY,34.92,32.53,1569431389,77.0,73,20,5.82
Leningradskiy,RU,69.38,178.42,1569431225,30.71,91,100,6.04
Rio Grande,BR,-32.03,-52.1,1569431254,73.4,60,20,4.7
Katsuura,JP,33.93,134.5,1569431393,68.0,82,20,6.93
Katangli,RU,51.71,143.23,1569431397,40.61,81,70,15.39
Palora,EC,-1.7,-77.97,1569431398,78.8,57,75,1.12
San Carlos de Bariloche,AR,-41.13,-71.31,1569431400,70.0,38,0,6.93
Dire Dawa,ET,9.59,41.86,1569431401,70.49,53,42,6.02
Tyup,KG,42.73,78.36,1569431402,43.49,59,6,3.67
Chulman,RU,56.84,124.9,1569431403,31.07,91,11,2.37
Zapolyarnyy,RU,69.43,30.82,1569431404,44.6,93,75,13.87
Ä°stisu,AZ,40.95,48.07,1569431406,66.2,68,0,6.93
Poum,MK,41.28,20.71,1569431407,66.2,59,20,8.05
Kamaishi,JP,39.28,141.86,1569431408,44.57,72,97,2.59
Castlebar,IE,53.86,-9.3,1569431409,62.01,100,75,9.17
Kerouane,GN,12.23,-12.34,1569431410,82.01,86,67,2.8
Kutum,SD,14.2,24.66,1569431411,86.51,22,2,6.71
Angra dos Reis,BR,-23.01,-44.32,1569431412,69.8,77,40,5.82
Bandarbeyla,SO,9.49,50.81,1569431414,79.49,58,31,18.48
Maniitsoq,GL,65.42,-52.9,1569431415,42.23,68,0,4.56
Vardo,US,39.62,-77.74,1569431417,80.01,38,1,3.36
Tuatapere,NZ,-46.13,167.69,1569431156,41.0,89,100,15.01
Porto Empedocle,IT,37.29,13.53,1569431419,77.0,69,5,13.87
Asamankese,GH,5.86,-0.66,1569431420,82.4,74,0,17.22
Mana,NG,13.03,5.27,1569431421,92.09,31,0,4.23
Arman,RU,59.7,150.17,1569431422,28.73,63,99,10.67
Alto Araguaia,BR,-17.32,-53.22,1569431424,81.83,53,76,9.57
Porto Walter,BR,-8.27,-72.74,1569431425,99.65,31,2,2.39
Rundu,NA,-17.91,19.77,1569431426,89.6,14,0,11.41
Nur,PL,52.67,22.32,1569431427,54.29,69,100,8.59
Samarai,PG,-10.62,150.67,1569431428,72.83,94,75,6.73
Sao Filipe,CV,14.9,-24.5,1569431429,78.77,83,100,14.0
Port Moresby,PG,-9.47,147.16,1569431430,76.25,89,91,11.83
Nioro,GM,13.79,-15.05,1569431434,91.91,53,74,5.06
Santa Lucia,IT,41.98,12.66,1569431435,78.8,73,40,5.82
Biscarrosse,FR,44.41,-1.18,1569431436,66.99,88,75,11.41
Kirakira,SB,-10.46,161.92,1569431437,76.25,87,84,6.4
Port Hedland,AU,-20.31,118.58,1569431438,64.4,88,20,3.36
Warmbad,DE,50.67,13.08,1569431439,60.01,67,20,3.36
Kieta,PG,-6.22,155.63,1569431440,79.67,79,96,3.69
Ordzhonikidze,UA,44.96,35.36,1569431442,53.39,58,100,6.06
Nyurba,RU,63.29,118.35,1569431443,40.25,94,56,7.29
San Cristobal,HN,14.68,-86.92,1569431445,85.79,52,100,4.27
Madras,US,44.63,-121.13,1569431446,61.0,54,1,3.36
Mombetsu,JP,44.35,143.35,1569431447,47.99,67,12,10.94
East London,ZA,-33.02,27.91,1569431365,60.8,63,0,14.99
Lazaro Cardenas,MX,28.39,-105.62,1569431449,81.0,68,20,11.41
Altay,CN,47.83,88.13,1569431450,49.61,54,80,1.68
Betare Oya,CM,5.6,14.08,1569431452,71.03,93,100,3.09
Agadez,NE,16.97,7.99,1569431453,102.2,7,1,2.51
Ambilobe,MG,-13.19,49.05,1569431454,74.45,60,80,9.66
Kavaratti,IN,10.57,72.64,1569431455,82.91,70,100,5.44
Monteagudo,BO,-19.8,-63.96,1569431456,75.2,44,90,5.82
Svetlogorsk,RU,53.14,59.15,1569431458,30.2,92,40,6.71
Chumikan,RU,54.72,135.31,1569431459,30.71,72,48,8.25
Gisborne,NZ,-38.66,178.02,1569431461,46.0,58,22,8.01
Anadyr,RU,64.73,177.51,1569431462,35.6,69,0,2.24
Ginir,ET,7.14,40.71,1569431463,61.85,88,90,3.15
Feijo,EC,-3.63,-79.92,1569431464,89.6,83,75,6.93
Karratha,AU,-20.74,116.85,1569431467,65.81,49,48,9.78
Vila Franca do Campo,PT,37.72,-25.43,1569431468,71.6,73,75,14.99
Broken Hill,AU,-31.97,141.45,1569431470,55.4,44,96,10.29
Vostok,RU,46.45,135.83,1569431471,38.45,84,0,3.49
Mudon,MM,16.26,97.73,1569431472,79.67,77,69,2.01
Tsuruoka,JP,38.61,139.81,1569431367,60.23,59,16,6.33
Gejiu,CN,23.36,103.16,1569431474,53.03,97,99,4.47
Takoradi,GH,4.89,-1.75,1569431476,77.15,85,31,5.77
Rudsar,IR,37.14,50.29,1569431477,73.4,88,20,1.72
Yumen,CN,40.29,97.04,1569431480,63.29,19,0,7.54
Ulladulla,AU,-35.36,150.48,1569431481,55.4,76,90,4.7
Basco,US,40.33,-91.2,1569431482,79.0,61,1,4.7
Tallahassee,US,30.44,-84.28,1569431317,96.01,49,1,8.05
Isangel,VU,-19.55,169.27,1569431210,72.29,73,91,15.37
Sompeta,IN,18.93,84.6,1569431485,75.71,90,98,0.54
Xai-Xai,MZ,-25.04,33.64,1569431486,61.31,64,7,14.03
Northam,AU,-31.65,116.67,1569431487,53.6,93,100,3.87
Bemidji,US,47.48,-94.89,1569431488,61.0,62,40,14.99
Lokosovo,RU,61.13,74.84,1569431490,32.69,77,53,13.22
Kropotkin,RU,45.43,40.58,1569431491,60.01,50,100,14.09
Maamba,ZM,-17.36,27.22,1569431492,65.99,66,48,7.0
Mungwi,ZM,-10.17,31.37,1569431493,70.31,31,65,6.04
Kendari,ID,-3.99,122.52,1569431494,71.03,94,5,1.3
Namatanai,PG,-3.66,152.44,1569431495,78.41,82,45,8.16
Noumea,NC,-22.28,166.46,1569431496,73.99,82,40,3.36
Bubaque,GW,11.28,-15.83,1569431500,82.73,81,89,12.93
Caravelas,BR,-17.73,-39.27,1569431501,74.99,65,67,10.31
Ulaangom,MN,49.98,92.07,1569431502,56.63,53,74,7.25
Riyadh,SA,24.63,46.72,1569431503,95.0,15,0,5.82
Samana,EC,0.12,-76.97,1569431504,82.4,74,75,4.7
Kulebaki,RU,55.41,42.53,1569431505,34.85,83,97,3.42
Pitimbu,BR,-7.47,-34.81,1569431506,82.4,61,40,18.34
Lima,PE,-12.06,-77.04,1569431151,64.4,82,90,6.93
Tinogboc,PH,12.01,121.41,1569431509,83.27,72,74,6.89
Nanortalik,GL,60.14,-45.24,1569431511,42.95,77,0,2.91
Saint-Pierre,FR,48.95,4.24,1569431512,64.4,82,0,10.29
Alamosa,US,37.47,-105.87,1569431513,66.0,27,1,4.18
Tonota,BW,-21.44,27.46,1569431514,62.6,51,0,12.75
Kushima,JP,31.5,131.29,1569431515,67.79,95,24,3.85
San Carlos,NI,11.12,-84.78,1569431516,83.27,83,100,3.71
Ploemeur,FR,47.73,-3.43,1569431517,62.01,100,90,16.11
Saint-Augustin,CA,45.63,-73.98,1569431519,66.0,67,75,5.82
Helmsdale,GB,58.12,-3.65,1569431520,63.0,77,75,6.93
Samoded,RU,63.61,40.52,1569431521,38.27,93,100,8.39
Pittsburg,US,38.02,-121.89,1569431388,88.0,41,1,6.93
Christchurch,NZ,-43.53,172.64,1569431523,37.4,74,42,9.17
Bonavista,CA,48.65,-53.11,1569431454,48.0,86,100,10.0
Edd,ER,13.93,41.69,1569431525,86.51,69,21,8.66
Clyde River,CA,70.47,-68.59,1569431526,33.8,100,90,3.36
Sangar,RU,63.92,127.47,1569431529,37.01,83,50,3.2
Xiamen,CN,24.46,118.07,1569431531,73.4,69,0,8.95
Deer Lake,CA,49.18,-57.43,1569431532,46.0,93,90,13.87
Ingham,AU,-18.65,146.16,1569431533,63.29,95,36,1.28
Coxim,BR,-18.5,-54.75,1569431534,72.65,86,100,3.51
Xalpatlahuac,MX,17.47,-98.62,1569431535,73.19,69,62,6.49
Manaus,BR,-3.13,-59.98,1569431536,91.4,59,75,4.7
Wana,PK,32.31,69.59,1569431538,62.03,73,1,2.04
Rabo de Peixe,PT,37.8,-25.58,1569431539,71.6,73,75,14.99
Vondrozo,MG,-22.82,47.32,1569431540,63.47,94,64,7.23
Port Lincoln,AU,-34.72,135.86,1569431541,57.35,68,15,14.97
Silver City,US,32.77,-108.28,1569431347,73.0,56,1,4.34
Chanute,US,37.68,-95.46,1569431543,82.99,78,40,3.36
Donskoye,RU,45.45,41.98,1569431544,50.0,100,75,8.95
Gazli,UZ,40.13,63.45,1569431546,69.05,21,0,8.19
Caxias,BR,-4.87,-43.35,1569431547,95.0,34,75,6.93
Lujan,AR,-46.57,-67.67,1569431548,67.43,33,70,25.3
Madarounfa,NE,13.3,7.16,1569431549,98.6,37,0,4.7
Hasaki,JP,35.73,140.83,1569431550,68.0,88,75,5.82
Dortyol,TR,36.86,36.23,1569431551,79.0,69,0,14.99
Liverpool,GB,53.41,-2.98,1569431552,64.99,88,75,4.7
Chimbote,PE,-9.08,-78.59,1569431554,61.31,92,98,9.28
Sahuaripa,MX,29.05,-109.23,1569431555,82.01,58,37,4.74
Gorontalo,ID,0.54,123.06,1569431556,70.13,66,48,2.93
Agadir,MA,30.42,-9.58,1569431559,73.4,69,40,16.11
Avera,US,33.19,-82.53,1569431560,95.0,32,1,4.7
Creel,MX,27.75,-107.63,1569431561,69.23,49,0,6.8
Yar-Sale,RU,66.83,70.83,1569431562,35.57,86,96,13.85
Marathon,CA,48.72,-86.38,1569431563,55.4,100,90,4.7
Egvekinot,RU,66.32,-179.17,1569431565,26.03,76,0,5.88
Zitlala,MX,17.69,-99.19,1569431566,71.03,82,57,5.03
Houston,US,29.76,-95.37,1569431056,90.0,52,40,5.01
Flin Flon,CA,54.77,-101.88,1569431568,48.2,57,75,19.46
Usinsk,RU,66.0,57.56,1569431569,33.77,97,100,19.3
Gao,ML,16.28,-0.04,1569431570,101.81,11,0,9.71
Dekernes,EG,31.09,31.59,1569431571,69.23,79,0,5.41
Bahir Dar,ET,11.59,37.39,1569431572,58.97,92,5,2.77
Cap-aux-Meules,CA,47.38,-61.86,1569431574,55.4,93,90,20.8
Vila Velha,BR,-3.71,-38.6,1569431575,86.0,55,20,16.11
Buraydah,SA,26.33,43.97,1569431576,96.8,16,0,5.26
Ixtapa,MX,20.71,-105.21,1569431577,86.0,78,75,5.23
Gull Lake,CA,50.1,-108.48,1569431578,50.0,71,1,17.22
Tshela,CD,-4.99,12.94,1569431579,78.95,71,92,5.1
Gongzhuling,CN,43.5,124.81,1569431580,62.03,48,0,18.63
Fayaoue,NC,-20.65,166.53,1569431581,70.13,77,100,16.69
Axim,GH,4.87,-2.24,1569431583,77.51,87,2,9.46
Springfield,US,42.1,-72.59,1569431584,73.99,43,20,8.05
Fare,PF,-16.7,-151.02,1569431585,78.59,78,36,15.26
San Patricio,PY,-26.98,-56.83,1569431586,83.27,30,0,9.04
Erenhot,CN,43.65,111.97,1569431587,64.91,25,0,10.83
Kankaanpaa,FI,61.8,22.42,1569431588,41.0,93,0,2.24
Fereydun Kenar,IR,36.69,52.52,1569431589,73.4,78,0,2.24
Chulumani,BO,-16.41,-67.53,1569431592,48.17,64,17,9.66
Vao,EE,59.1,26.19,1569431593,45.47,93,97,2.59
Yanam,IN,16.73,82.22,1569431594,80.6,94,40,6.93
Moose Factory,CA,51.26,-80.61,1569431596,55.4,93,90,17.22
Catalina,PE,-13.57,-76.13,1569431597,71.6,30,75,9.17
Soe,EE,57.91,26.05,1569431598,50.0,61,17,3.36
Hualmay,PE,-11.1,-77.61,1569431599,61.31,91,52,11.88
Plaisance-du-Touch,FR,43.57,1.3,1569431601,68.0,68,75,18.34
Jawa,ID,5.32,95.93,1569431602,72.65,93,98,4.7
Yongan,CN,39.7,113.69,1569431603,56.81,53,10,2.08
Baykit,RU,61.68,96.39,1569431604,29.09,97,60,4.47
Aranos,NA,-24.14,19.11,1569431605,71.39,23,0,13.6
Olinda,AU,-37.84,145.39,1569431607,48.99,93,90,5.82
Remanso,BR,-9.62,-42.08,1569431608,92.81,20,7,7.81
Paka,CF,4.15,15.03,1569431610,71.21,95,100,1.79
Sao Geraldo do Araguaia,BR,-6.4,-48.55,1569431611,102.17,24,86,2.06
Iskateley,RU,67.68,53.15,1569431612,35.93,96,100,16.17
Muravlenko,RU,63.79,74.5,1569431613,34.31,91,100,19.57
Ilulissat,GL,69.22,-51.1,1569431614,37.4,78,40,4.7
Kovylkino,RU,54.04,43.91,1569431615,38.09,82,64,4.38
Mersing,MY,2.43,103.84,1569431616,73.19,95,100,2.04
Jonkoping,SE,57.78,14.16,1569431493,54.0,81,90,9.17
Weiser,US,44.25,-116.97,1569431619,63.0,45,1,9.17
Richards Bay,ZA,-28.77,32.06,1569431620,62.93,64,33,19.1
Katesh,TZ,-4.52,35.39,1569431621,70.13,48,81,12.46
Denpasar,ID,-8.65,115.22,1569431582,78.8,88,20,14.99
Rio Cuarto,AR,-33.13,-64.35,1569431623,84.2,18,0,9.17
Emerald,AU,-23.53,148.16,1569431624,68.0,68,33,9.17
Sheridan,US,39.65,-105.03,1569431625,73.0,30,20,5.95
Horta,BR,-10.93,-37.66,1569431626,82.4,74,40,16.11
Waipawa,NZ,-39.94,176.59,1569431628,41.0,79,0,15.01
Askiz,RU,53.13,90.53,1569431629,46.01,75,66,2.53
Campina Grande,BR,-7.22,-35.88,1569431531,84.2,45,40,12.75
Rodrigues Alves,BR,-7.74,-72.65,1569431631,87.8,62,0,3.36
Okhotsk,RU,59.36,143.24,1569431632,32.15,64,32,18.61
Alugan,PH,12.22,125.48,1569431633,76.07,94,46,2.01
Poya,NC,-21.35,165.16,1569431634,68.15,78,78,11.43
Saint-Francois,FR,46.42,3.91,1569431636,62.01,82,90,6.93
Gunjur,GM,13.18,-16.76,1569431638,87.8,74,40,11.41
La Macarena,CO,2.18,-73.79,1569431639,89.03,50,42,5.73
Codrington,AU,-28.95,153.24,1569431640,66.2,87,90,2.01
Xinmin,CN,42.0,122.83,1569431641,53.6,100,0,2.24
Vestmannaeyjar,IS,63.44,-20.27,1569431642,51.8,100,90,14.99
Kibondo,TZ,-3.59,30.72,1569431643,76.43,39,95,0.38
